school_id,demand_mean_estimate,demand_var_estimate,demand_mean_real,demand_var_real,coordinate_x,coordinate_y
S0,41.42805189379827,7.144445273375573,32.499833834320015,29.056338182918232,7.71320643266746,0.207519493594015
S1,41.56182602268941,6.030491160697508,69.82784962697275,10.891127649008661,6.336482349262754,7.488038825386118
S2,46.2664250271464,9.117944362667227,63.00805186431455,22.0638122193637,4.9850701230259045,2.2479664553084766
S3,43.069450678023514,5.801147782594098,39.080299295955896,15.672364358134303,1.9806286475962398,7.605307121989587
S4,40.413387192798496,6.638864058110466,53.748242356747795,19.136623021166113,1.6911083656253545,0.8833981417401027
